timestamp,user_message,assistant_response
2025-08-22T05:22:54.088922,fdbdfbwe,"ğŸŒŠ **Maritime Weather Intelligence Assistant**

Welcome to your comprehensive maritime weather and safety intelligence system!

**ğŸ¯ Core Services Available:**

**ğŸŒ¤ï¸ Weather Services:**
â€¢ Real-time conditions for any global location
â€¢ 10-day maritime forecasts with wave and wind data
â€¢ Severe weather alerts and warnings
â€¢ Visibility and atmospheric condition monitoring

**ğŸš¨ Safety & Alert Management:**
â€¢ Active maritime alert monitoring
â€¢ Emergency notification system
â€¢ Safety recommendation engine  
â€¢ Risk assessment for maritime operations

**ğŸ§­ Navigation Support:**
â€¢ Weather routing optimization
â€¢ Safe passage planning
â€¢ Harbor condition monitoring
â€¢ Emergency shelter identification

**ğŸ“Š Historical & Analytical Services:**
â€¢ Historical weather pattern analysis
â€¢ Seasonal maritime condition trends
â€¢ Climate impact assessments
â€¢ Long-term planning support

**ğŸ’¡ How to Interact:**

**Weather Queries:**
â€¢ ""Current weather in [location]""
â€¢ ""Maritime forecast for [city/coordinates]""
â€¢ ""Wind ...",general,{}
2025-08-22T05:23:01.641379,e;dna;sfna,"ğŸŒŠ **Maritime Weather Intelligence Assistant**

Welcome to your comprehensive maritime weather and safety intelligence system!

**ğŸ¯ Core Services Available:**

**ğŸŒ¤ï¸ Weather Services:**
â€¢ Real-time conditions for any global location
â€¢ 10-day maritime forecasts with wave and wind data
â€¢ Severe weather alerts and warnings
â€¢ Visibility and atmospheric condition monitoring

**ğŸš¨ Safety & Alert Management:**
â€¢ Active maritime alert monitoring
â€¢ Emergency notification system
â€¢ Safety recommendation engine  
â€¢ Risk assessment for maritime operations

**ğŸ§­ Navigation Support:**
â€¢ Weather routing optimization
â€¢ Safe passage planning
â€¢ Harbor condition monitoring
â€¢ Emergency shelter identification

**ğŸ“Š Historical & Analytical Services:**
â€¢ Historical weather pattern analysis
â€¢ Seasonal maritime condition trends
â€¢ Climate impact assessments
â€¢ Long-term planning support

**ğŸ’¡ How to Interact:**

**Weather Queries:**
â€¢ ""Current weather in [location]""
â€¢ ""Maritime forecast for [city/coordinates]""
â€¢ ""Wind ...",general,{}
